{
  "data": [
    {
      "id": 21,
      "name": "Product name here 19",
      "price": 27,
      "description": "Description here 19",
      "product": "Product type here 19",
      "color": "Color here 19",
      "createdAt": "Date here",
      "image": "Image URL"
    },
    {
      "id": 22,
      "name": "Product name here 19",
      "price": 27,
      "description": "Description here 19",
      "product": "Product type here 19",
      "color": "Color here 19",
      "createdAt": "Date here",
      "image": "Image URL"
    },
    {
      "id": 2,
      "name": "Product name here 2",
      "price": 11,
      "description": "Description here 2",
      "product": "Product type here 2",
      "color": "Color here 2",
      "createdAt": "Date here",
      "image": "Image URL"
    },
    {
      "id": 3,
      "name": "Product name here 3",
      "price": 12,
      "description": "Description here 3",
      "product": "Product type here 3",
      "color": "Color here 3",
      "createdAt": "Date here",
      "image": "Image URL"
    },
    {
      "id": 4,
      "name": "Product name here 4",
      "price": 13,
      "description": "Description here 4",
      "product": "Product type here 4",
      "color": "Color here 4",
      "createdAt": "Date here",
      "image": "Image URL"
    },
    {
      "id": 5,
      "name": "Product name here 5",
      "price": 14,
      "description": "Description here 5",
      "product": "Product type here 5",
      "color": "Color here 5",
      "createdAt": "Date here",
      "image": "Image URL"
    },
    {
      "id": 6,
      "name": "Product name here 6",
      "price": 15,
      "description": "Description here 6",
      "product": "Product type here 6",
      "color": "Color here 6",
      "createdAt": "Date here",
      "image": "Image URL"
    },
    {
      "id": 7,
      "name": "Product name here 7",
      "price": 16,
      "description": "Description here 7",
      "product": "Product type here 7",
      "color": "Color here 7",
      "createdAt": "Date here",
      "image": "Image URL"
    },
    {
      "id": 8,
      "name": "Product name here 8",
      "price": 17,
      "description": "Description here 8",
      "product": "Product type here 8",
      "color": "Color here 8",
      "createdAt": "Date here",
      "image": "Image URL"
    },
    {
      "id": 9,
      "name": "Product name here 9",
      "price": 18,
      "description": "Description here 9",
      "product": "Product type here 9",
      "color": "Color here 9",
      "createdAt": "Date here",
      "image": "Image URL"
    },
    {
      "id": 10,
      "name": "Product name here 10",
      "price": 19,
      "description": "Description here 10",
      "product": "Product type here 10",
      "color": "Color here 10",
      "createdAt": "Date here",
      "image": "Image URL"
    },
    {
      "id": 11,
      "name": "Product name here 11",
      "price": 20,
      "description": "Description here 11",
      "product": "Product type here 11",
      "color": "Color here 11",
      "createdAt": "Date here",
      "image": "Image URL"
    },
    {
      "id": 12,
      "name": "Product name here 12",
      "price": 21,
      "description": "Description here 12",
      "product": "Product type here 12",
      "color": "Color here 12",
      "createdAt": "Date here",
      "image": "Image URL"
    },
    {
      "id": 13,
      "name": "Product name here 13",
      "price": 22,
      "description": "Description here 13",
      "product": "Product type here 13",
      "color": "Color here 13",
      "createdAt": "Date here",
      "image": "Image URL"
    },
    {
      "id": 14,
      "name": "Product name here 14",
      "price": 23,
      "description": "Description here 14",
      "product": "Product type here 14",
      "color": "Color here 14",
      "createdAt": "Date here",
      "image": "Image URL"
    },
    {
      "id": 15,
      "name": "Product name here 15",
      "price": 24,
      "description": "Description here 15",
      "product": "Product type here 15",
      "color": "Color here 15",
      "createdAt": "Date here",
      "image": "Image URL"
    },
    {
      "id": 16,
      "name": "Product name here 16",
      "price": 25,
      "description": "Description here 16",
      "product": "Product type here 16",
      "color": "Color here 16",
      "createdAt": "Date here",
      "image": "Image URL"
    },
    {
      "id": 17,
      "name": "Product name here 17",
      "price": 26,
      "description": "Description here 17",
      "product": "Product type here 17",
      "color": "Color here 17",
      "createdAt": "Date here",
      "image": "Image URL"
    },
    {
      "id": 18,
      "name": "Product name here 18",
      "price": 27,
      "description": "Description here 18",
      "product": "Product type here 18",
      "color": "Color here 18",
      "createdAt": "Date here",
      "image": "Image URL"
    },
    {
      "id": 19,
      "name": "Product name here 19",
      "price": 28,
      "description": "Description here 19",
      "product": "Product type here 19",
      "color": "Color here 19",
      "createdAt": "Date here",
      "image": "Image URL"
    },
    {
      "id": 20,
      "name": "Product name here 20",
      "price": 29,
      "description": "Description here 20",
      "product": "Product type here 20",
      "color": "Color here 20",
      "createdAt": "Date here",
      "image": "Image URL"
    }
  ]
}

